{
  "run_id": "cpu-exhaust-1784899869",
  "snapshot_sha": "2f7031a8f61a03a3fc9cbb0019af050e0a68128832f37ab26d7ac65b3de02fea",
  "target": "relative",
  "horizon": 1,
  "evaluation_domain": "cse",
  "feature_pack": "v2",
  "universe_filter": "liq_v4",
  "sample_weight": "",
  "baseline_rank_ic": 0.2526,
  "screen_top": [
    {
      "model": "xgb_two_stage",
      "cal_rank_ic": 0.2558376061791948,
      "test_rank_ic": 0.2859718530158543,
      "error": null
    },
    {
      "model": "hgb_two_stage",
      "cal_rank_ic": 0.2541570880516407,
      "test_rank_ic": 0.28579672254742877,
      "error": null
    },
    {
      "model": "double_ensemble_native",
      "cal_rank_ic": 0.2181931143332128,
      "test_rank_ic": 0.25479327084207093,
      "error": null
    }
  ],
  "nested_per_model": {
    "xgb_two_stage": {
      "rank_ic": 0.28345986975219606,
      "sessions": 117,
      "n_rows": 18096,
      "balanced_accuracy": 0.5848695080031606,
      "mcc": 0.1704628774440586,
      "spread_112": -0.007842180831655634,
      "spread_30": 0.01929836988961907,
      "beats_baseline": true
    },
    "hgb_two_stage": {
      "rank_ic": 0.2822894053131555,
      "sessions": 117,
      "n_rows": 18096,
      "balanced_accuracy": 0.5822138453309751,
      "mcc": 0.17065034880814126,
      "spread_112": -0.009393184812237401,
      "spread_30": 0.017705991546011355,
      "beats_baseline": true
    },
    "double_ensemble_native": {
      "rank_ic": 0.25321727310963454,
      "sessions": 117,
      "n_rows": 18096,
      "balanced_accuracy": 0.5770344412759412,
      "mcc": 0.1527768352972747,
      "spread_112": -0.005086661034765613,
      "spread_30": 0.020309523345626912,
      "beats_baseline": true
    }
  },
  "nested_contract_met": false,
  "hyper_best_test": [
    {
      "fingerprint": "lgb_4c95657b10",
      "config": {
        "learning_rate": 0.02,
        "max_depth": 8,
        "num_leaves": 63,
        "subsample": 0.85,
        "colsample_bytree": 0.9,
        "reg_lambda": 100.0
      },
      "calibration": {
        "rank_ic": 0.23201299287081406,
        "balanced_accuracy": 0.5784404704086589,
        "mcc": 0.1551312473938419,
        "n_rows": 5070,
        "n_sessions": 37,
        "spread_112": -0.015024487594397286,
        "spread_30": 0.012025527255617563
      },
      "test": {
        "rank_ic": 0.2651899499765686,
        "balanced_accuracy": 0.5903941478593214,
        "mcc": 0.1806194872672072,
        "n_rows": 5950,
        "n_sessions": 39,
        "spread_112": -0.005917937954209951,
        "spread_30": 0.02011530990903791
      },
      "beats_baseline": true
    },
    {
      "fingerprint": "lgb_0c7a57b0c7",
      "config": {
        "learning_rate": 0.02,
        "max_depth": 8,
        "num_leaves": 95,
        "subsample": 0.85,
        "colsample_bytree": 0.9,
        "reg_lambda": 100.0
      },
      "calibration": {
        "rank_ic": 0.2314748909315945,
        "balanced_accuracy": 0.5735312256681853,
        "mcc": 0.14549027600402906,
        "n_rows": 5070,
        "n_sessions": 37,
        "spread_112": -0.014969332807309282,
        "spread_30": 0.012075811237834761
      },
      "test": {
        "rank_ic": 0.26933626851676484,
        "balanced_accuracy": 0.5883958626444266,
        "mcc": 0.17649920346128478,
        "n_rows": 5950,
        "n_sessions": 39,
        "spread_112": -0.006188885307362328,
        "spread_30": 0.020374008465531446
      },
      "beats_baseline": true
    },
    {
      "fingerprint": "lgb_17f0c69160",
      "config": {
        "learning_rate": 0.02,
        "max_depth": 8,
        "num_leaves": 127,
        "subsample": 0.85,
        "colsample_bytree": 0.9,
        "reg_lambda": 100.0
      },
      "calibration": {
        "rank_ic": 0.2314748909315945,
        "balanced_accuracy": 0.5735312256681853,
        "mcc": 0.14549027600402906,
        "n_rows": 5070,
        "n_sessions": 37,
        "spread_112": -0.014969332807309282,
        "spread_30": 0.012075811237834761
      },
      "test": {
        "rank_ic": 0.26945085220305026,
        "balanced_accuracy": 0.5903848433581484,
        "mcc": 0.1804356223261092,
        "n_rows": 5950,
        "n_sessions": 39,
        "spread_112": -0.005195394364441182,
        "spread_30": 0.02147237730833049
      },
      "beats_baseline": true
    }
  ],
  "any_beats_baseline": true
}
