{
  "run_id": "cpu-exhaust-1784878087",
  "snapshot_sha": "fc4d730527d4821f331369640f9113e8e035171ab1a04e085aed3843650e56ae",
  "target": "relative",
  "horizon": 1,
  "evaluation_domain": "cse",
  "feature_pack": "v2",
  "universe_filter": "",
  "sample_weight": "",
  "baseline_rank_ic": 0.2526,
  "screen_top": [
    {
      "model": "blend_de_lgb",
      "cal_rank_ic": 0.22114020346918267,
      "test_rank_ic": 0.2556179505954724,
      "error": null
    },
    {
      "model": "blend_de_ridge",
      "cal_rank_ic": 0.20202702163790243,
      "test_rank_ic": 0.24364813146497463,
      "error": null
    }
  ],
  "nested_per_model": {
    "blend_de_lgb": {
      "rank_ic": 0.2557021486991193,
      "sessions": 117,
      "n_rows": 18215,
      "balanced_accuracy": 0.5849773769141509,
      "mcc": 0.1681668164386948,
      "spread_112": -0.005697793820564548,
      "spread_30": 0.02117225885007636,
      "beats_baseline": true
    },
    "blend_de_ridge": {
      "rank_ic": 0.24847636321584612,
      "sessions": 117,
      "n_rows": 18215,
      "balanced_accuracy": 0.5211353833720017,
      "mcc": 0.0637108007993268,
      "spread_112": -0.009047484481313064,
      "spread_30": 0.014617429090953449,
      "beats_baseline": false
    },
    "double_ensemble_native": {
      "rank_ic": 0.25527003784782265,
      "sessions": 117,
      "n_rows": 18215,
      "balanced_accuracy": 0.5786931535328677,
      "mcc": 0.1557269469610821,
      "spread_112": -0.004179919238137414,
      "spread_30": 0.02162511894807724,
      "beats_baseline": true
    }
  },
  "nested_contract_met": false,
  "hyper_best_test": [
    null
  ],
  "any_beats_baseline": true
}
