{
  "run_id": "cpu-exhaust-1784863433",
  "snapshot_sha": "fc4d730527d4821f331369640f9113e8e035171ab1a04e085aed3843650e56ae",
  "target": "relative",
  "horizon": 1,
  "evaluation_domain": "cse",
  "feature_pack": "v2",
  "universe_filter": "",
  "baseline_rank_ic": 0.2526,
  "screen_top": [
    {
      "model": "hgb_two_stage",
      "cal_rank_ic": 0.25706291700048145,
      "test_rank_ic": 0.2859097292865407,
      "error": null
    },
    {
      "model": "xgb_two_stage",
      "cal_rank_ic": 0.25675553288598063,
      "test_rank_ic": 0.28089410404189435,
      "error": null
    },
    {
      "model": "double_ensemble_native",
      "cal_rank_ic": 0.2202721227242499,
      "test_rank_ic": 0.2574307720642526,
      "error": null
    }
  ],
  "nested_per_model": {
    "hgb_two_stage": {
      "rank_ic": 0.2836279746499806,
      "sessions": 117,
      "n_rows": 18215,
      "balanced_accuracy": 0.5868330593527749,
      "mcc": 0.18141213604718373,
      "spread_112": -0.008738620909587455,
      "spread_30": 0.018466026077412472,
      "beats_baseline": true
    },
    "xgb_two_stage": {
      "rank_ic": 0.28653413291831203,
      "sessions": 117,
      "n_rows": 18215,
      "balanced_accuracy": 0.5856151837858727,
      "mcc": 0.1724723522733287,
      "spread_112": -0.0070263874402104395,
      "spread_30": 0.020174936867290338,
      "beats_baseline": true
    },
    "double_ensemble_native": {
      "rank_ic": 0.25527003784782265,
      "sessions": 117,
      "n_rows": 18215,
      "balanced_accuracy": 0.5786931535328677,
      "mcc": 0.1557269469610821,
      "spread_112": -0.004179919238137414,
      "spread_30": 0.02162511894807724,
      "beats_baseline": true
    }
  },
  "nested_contract_met": false,
  "hyper_best_test": [
    null
  ],
  "any_beats_baseline": true
}
