{
  "run_id": "cpu-exhaust-1784876437",
  "snapshot_sha": "fc4d730527d4821f331369640f9113e8e035171ab1a04e085aed3843650e56ae",
  "target": "relative",
  "horizon": 1,
  "evaluation_domain": "cse",
  "feature_pack": "v2",
  "universe_filter": "",
  "sample_weight": "",
  "baseline_rank_ic": 0.2526,
  "screen_top": [
    {
      "model": "lgb_lambdarank",
      "cal_rank_ic": 0.2303764956891885,
      "test_rank_ic": 0.2631920494105811,
      "error": null
    },
    {
      "model": "xgb_rank_pairwise",
      "cal_rank_ic": 0.1803711903389663,
      "test_rank_ic": 0.23614866861830144,
      "error": null
    },
    {
      "model": "xgb_rank_ndcg",
      "cal_rank_ic": 0.1324242992133643,
      "test_rank_ic": 0.1660298304526221,
      "error": null
    }
  ],
  "nested_per_model": {
    "lgb_lambdarank": {
      "rank_ic": 0.2646513624474162,
      "sessions": 117,
      "n_rows": 18215,
      "balanced_accuracy": 0.5505092693283985,
      "mcc": 0.16020418729927388,
      "spread_112": -0.011803267021015867,
      "spread_30": 0.015994411999310214,
      "beats_baseline": true
    },
    "xgb_rank_pairwise": {
      "rank_ic": 0.2473807061606201,
      "sessions": 117,
      "n_rows": 18215,
      "balanced_accuracy": 0.573061046773112,
      "mcc": 0.16942382460855876,
      "spread_112": -0.012388800867365678,
      "spread_30": 0.015075289965548685,
      "beats_baseline": false
    },
    "xgb_rank_ndcg": {
      "rank_ic": 0.1723340955077937,
      "sessions": 117,
      "n_rows": 18215,
      "balanced_accuracy": 0.540570106594941,
      "mcc": 0.13956901540084551,
      "spread_112": -0.01620196190088903,
      "spread_30": 0.011435173295069693,
      "beats_baseline": false
    },
    "double_ensemble_native": {
      "rank_ic": 0.25527003784782265,
      "sessions": 117,
      "n_rows": 18215,
      "balanced_accuracy": 0.5786931535328677,
      "mcc": 0.1557269469610821,
      "spread_112": -0.004179919238137414,
      "spread_30": 0.02162511894807724,
      "beats_baseline": true
    }
  },
  "nested_contract_met": false,
  "hyper_best_test": [
    null
  ],
  "any_beats_baseline": true
}
