{
  "run_id": "cpu-exhaust-1784860535",
  "snapshot_sha": "fc4d730527d4821f331369640f9113e8e035171ab1a04e085aed3843650e56ae",
  "target": "relative",
  "horizon": 1,
  "evaluation_domain": "cse",
  "feature_pack": "v2",
  "universe_filter": "",
  "baseline_rank_ic": 0.2526,
  "screen_top": [
    {
      "model": "hgb_two_stage",
      "cal_rank_ic": 0.25706291700048145,
      "test_rank_ic": 0.2859097292865407,
      "error": null
    },
    {
      "model": "xgb_two_stage",
      "cal_rank_ic": 0.25675553288598063,
      "test_rank_ic": 0.28089410404189435,
      "error": null
    },
    {
      "model": "double_ensemble_native",
      "cal_rank_ic": 0.2202721227242499,
      "test_rank_ic": 0.2574307720642526,
      "error": null
    }
  ],
  "nested_per_model": {
    "hgb_two_stage": {
      "rank_ic": 0.2836279746499806,
      "sessions": 117,
      "n_rows": 18215,
      "balanced_accuracy": 0.5868330593527749,
      "mcc": 0.18141213604718373,
      "spread_112": -0.008738620909587455,
      "spread_30": 0.018466026077412472,
      "beats_baseline": true
    },
    "xgb_two_stage": {
      "rank_ic": 0.28653413291831203,
      "sessions": 117,
      "n_rows": 18215,
      "balanced_accuracy": 0.5856151837858727,
      "mcc": 0.1724723522733287,
      "spread_112": -0.0070263874402104395,
      "spread_30": 0.020174936867290338,
      "beats_baseline": true
    },
    "double_ensemble_native": {
      "rank_ic": 0.25527003784782265,
      "sessions": 117,
      "n_rows": 18215,
      "balanced_accuracy": 0.5786931535328677,
      "mcc": 0.1557269469610821,
      "spread_112": -0.004179919238137414,
      "spread_30": 0.02162511894807724,
      "beats_baseline": true
    }
  },
  "nested_contract_met": false,
  "hyper_best_test": [
    {
      "fingerprint": "lgb_00f1d55423",
      "config": {
        "learning_rate": 0.02,
        "max_depth": 8,
        "num_leaves": 63,
        "subsample": 0.7,
        "colsample_bytree": 0.75,
        "reg_lambda": 50.0
      },
      "calibration": {
        "rank_ic": 0.22958617111123222,
        "balanced_accuracy": 0.5844815577493792,
        "mcc": 0.1680931722578542,
        "n_rows": 5070,
        "n_sessions": 37,
        "spread_112": -0.01621253778343816,
        "spread_30": 0.010574453603553228
      },
      "test": {
        "rank_ic": 0.2599973402171991,
        "balanced_accuracy": 0.58647734750638,
        "mcc": 0.17199531877762655,
        "n_rows": 5981,
        "n_sessions": 39,
        "spread_112": -0.007524569931727405,
        "spread_30": 0.019114917247759773
      },
      "beats_baseline": true
    },
    {
      "fingerprint": "lgb_ca9d74175b",
      "config": {
        "learning_rate": 0.02,
        "max_depth": 8,
        "num_leaves": 95,
        "subsample": 0.7,
        "colsample_bytree": 0.75,
        "reg_lambda": 50.0
      },
      "calibration": {
        "rank_ic": 0.22888789788835195,
        "balanced_accuracy": 0.5827460931912574,
        "mcc": 0.16484071034001296,
        "n_rows": 5070,
        "n_sessions": 37,
        "spread_112": -0.016980381875960304,
        "spread_30": 0.009884542388963961
      },
      "test": {
        "rank_ic": 0.2674781745985903,
        "balanced_accuracy": 0.5925069302254129,
        "mcc": 0.1841227241364058,
        "n_rows": 5981,
        "n_sessions": 39,
        "spread_112": -0.005874704489228962,
        "spread_30": 0.02071572286119839
      },
      "beats_baseline": true
    },
    {
      "fingerprint": "lgb_09bf8dcc05",
      "config": {
        "learning_rate": 0.02,
        "max_depth": 8,
        "num_leaves": 95,
        "subsample": 0.6,
        "colsample_bytree": 0.65,
        "reg_lambda": 100.0
      },
      "calibration": {
        "rank_ic": 0.2287564162439551,
        "balanced_accuracy": 0.5787326501867871,
        "mcc": 0.15655799387044406,
        "n_rows": 5070,
        "n_sessions": 37,
        "spread_112": -0.01541967928235444,
        "spread_30": 0.011966421103745946
      },
      "test": {
        "rank_ic": 0.26419304976113916,
        "balanced_accuracy": 0.5869026764771297,
        "mcc": 0.17334764024359617,
        "n_rows": 5981,
        "n_sessions": 39,
        "spread_112": -0.006158590736571723,
        "spread_30": 0.020391287163306175
      },
      "beats_baseline": true
    }
  ],
  "any_beats_baseline": true
}
