{
  "run_id": "cpu-exhaust-1784897947",
  "snapshot_sha": "2f7031a8f61a03a3fc9cbb0019af050e0a68128832f37ab26d7ac65b3de02fea",
  "target": "relative",
  "horizon": 1,
  "evaluation_domain": "cse",
  "feature_pack": "v2",
  "universe_filter": "liq_v4",
  "sample_weight": "",
  "baseline_rank_ic": 0.2526,
  "screen_top": [
    {
      "model": "xgb_two_stage",
      "cal_rank_ic": 0.2558376061791948,
      "test_rank_ic": 0.2859718530158543,
      "error": null
    },
    {
      "model": "hgb_two_stage",
      "cal_rank_ic": 0.2541570880516407,
      "test_rank_ic": 0.28579672254742877,
      "error": null
    },
    {
      "model": "double_ensemble_native",
      "cal_rank_ic": 0.2181931143332128,
      "test_rank_ic": 0.25479327084207093,
      "error": null
    }
  ],
  "nested_per_model": {
    "xgb_two_stage": {
      "rank_ic": 0.28345986975219606,
      "sessions": 117,
      "n_rows": 18096,
      "balanced_accuracy": 0.5848695080031606,
      "mcc": 0.1704628774440586,
      "spread_112": -0.007842180831655634,
      "spread_30": 0.01929836988961907,
      "beats_baseline": true
    },
    "hgb_two_stage": {
      "rank_ic": 0.2822894053131555,
      "sessions": 117,
      "n_rows": 18096,
      "balanced_accuracy": 0.5822138453309751,
      "mcc": 0.17065034880814126,
      "spread_112": -0.009393184812237401,
      "spread_30": 0.017705991546011355,
      "beats_baseline": true
    },
    "double_ensemble_native": {
      "rank_ic": 0.25321727310963454,
      "sessions": 117,
      "n_rows": 18096,
      "balanced_accuracy": 0.5770344412759412,
      "mcc": 0.1527768352972747,
      "spread_112": -0.005086661034765613,
      "spread_30": 0.020309523345626912,
      "beats_baseline": true
    }
  },
  "nested_contract_met": false,
  "hyper_best_test": [
    null
  ],
  "any_beats_baseline": true
}
