{
  "lever": "events_cs_lmt_bag",
  "mean_symbol_hit": 0.5926903447977387,
  "pooled_hit": 0.5871957129012029,
  "symbols_ge_070": 19,
  "n_symbols": 264,
  "n_rows": 17541,
  "high_bucket_hit": 0.6865834974830378,
  "delta_vs_baseline": -0.0003192797456658125,
  "keep": false,
  "notes": "events+",
  "extras": {
    "symbols": 273,
    "disclosures": 4921,
    "notices": 53
  }
}
